,source,target,type,n
0,U21,A61,WW_cis,0.9183673469387755
1,U80,C85,WW_cis,0.02947845804988662
2,U80,C85,HW_tran,0.013605442176870748
3,U80,C85,WH_tran,0.011337868480725623
4,A61,U80,WS_tran,0.009070294784580499
5,A61,U80,HS_cis,0.006802721088435374
6,U21,A61,WH_cis,0.0022675736961451248
7,A61,U80,WS_cis,0.0022675736961451248
8,U21,A61,SW_cis,0.0022675736961451248
9,A61,U80,HW_cis,0.0022675736961451248
10,U21,A61,SH_tran,0.0022675736961451248
