,source,target,n
0,U21,A61,0.9251700680272109
1,U80,C85,0.05442176870748299
2,A61,U80,0.02040816326530612
